{"learning_data": {"train_loss": [0.33553973772113804, 0.29316183807572743, 0.27796080947097324, 0.2669441950078242, 0.256047032730619, 0.246764031578674, 0.23953578852742163, 0.23351099968208208, 0.22839536257505189, 0.22410402012269545, 0.21881316358701963, 0.21561070961935666, 0.21250979653157903, 0.20938364969146656, 0.20697142008219827, 0.20414886735080492, 0.20155714464623786, 0.1984014983602008, 0.19543489990930943, 0.19333841259179177], "train_accuracy": [0.33553973772113804, 0.29316183807572743, 0.27796080947097324, 0.2669441950078242, 0.256047032730619, 0.246764031578674, 0.23953578852742163, 0.23351099968208208, 0.22839536257505189, 0.22410402012269545, 0.21881316358701963, 0.21561070961935666, 0.21250979653157903, 0.20938364969146656, 0.20697142008219827, 0.20414886735080492, 0.20155714464623786, 0.1984014983602008, 0.19543489990930943, 0.19333841259179177], "test_loss": [0.33553973772113804, 0.29316183807572743, 0.27796080947097324, 0.2669441950078242, 0.256047032730619, 0.246764031578674, 0.23953578852742163, 0.23351099968208208, 0.22839536257505189, 0.22410402012269545, 0.21881316358701963, 0.21561070961935666, 0.21250979653157903, 0.20938364969146656, 0.20697142008219827, 0.20414886735080492, 0.20155714464623786, 0.1984014983602008, 0.19543489990930943, 0.19333841259179177], "test_accuracy": [0.33553973772113804, 0.29316183807572743, 0.27796080947097324, 0.2669441950078242, 0.256047032730619, 0.246764031578674, 0.23953578852742163, 0.23351099968208208, 0.22839536257505189, 0.22410402012269545, 0.21881316358701963, 0.21561070961935666, 0.21250979653157903, 0.20938364969146656, 0.20697142008219827, 0.20414886735080492, 0.20155714464623786, 0.1984014983602008, 0.19543489990930943, 0.19333841259179177]}}