{"learning_data": {"train_loss": [0.3287834082645507, 0.2810969860380054, 0.2538464423159577, 0.23382607303086092, 0.21665557663321788, 0.20327170879718415, 0.19182146968256955, 0.18194220043100834, 0.17365943845654475, 0.16619290364977568, 0.15951071131643524, 0.1544104802188268, 0.14934540979638242, 0.1450108736415296, 0.14130829839681291, 0.13775108819393445, 0.13493836345642996, 0.13183627515240107, 0.12825992343414627, 0.12566894118682212], "train_accuracy": [0.09666666666666666, 0.0819, 0.07431666666666667, 0.06853333333333333, 0.0636, 0.0602, 0.0571, 0.05361666666666667, 0.05103333333333333, 0.048433333333333335, 0.046766666666666665, 0.045366666666666666, 0.04375, 0.04251666666666667, 0.041466666666666666, 0.04056666666666667, 0.040383333333333334, 0.0396, 0.03871666666666667, 0.0379], "test_loss": [0.3190612778180757, 0.2788122246200754, 0.2543471343463743, 0.23622617477965752, 0.22084657868255686, 0.20944104426420782, 0.2005088783586568, 0.19258078269228546, 0.18569889757621674, 0.17989077810406492, 0.17455195215145572, 0.17119778865106633, 0.16777144393768537, 0.164979957481485, 0.1631534410097949, 0.1610410433759994, 0.15977147808444536, 0.15826495825032533, 0.15579085258581582, 0.15459166712162906], "test_accuracy": [0.0914, 0.082, 0.0757, 0.0703, 0.0646, 0.0611, 0.0591, 0.0561, 0.0536, 0.052, 0.0505, 0.0499, 0.05, 0.0493, 0.0491, 0.0483, 0.0477, 0.0472, 0.0466, 0.0465], "total_time": 1985.5827991962433}, "quant_data": {"4": {"loss": 0.24351492164075372, "error": 0.0743}, "8": {"loss": 0.18123487990563644, "error": 0.0553}, "16": {"loss": 0.18010526665270318, "error": 0.0547}, "32": {"loss": 0.18009898456824602, "error": 0.0547}}}