{"learning_data": {"train_loss": [0.2998590030788542, 0.23084820018106128, 0.18795523634173988, 0.15749124089847494, 0.13483258516728064, 0.11768498094936962, 0.10405208762159615, 0.09301114330622026, 0.08384422185829407, 0.07616690499863585, 0.0696350376741239, 0.06403148224709215, 0.059133996720229544, 0.05481809168116046, 0.051071117327280376, 0.047737635330981305, 0.04473450885918181, 0.04199869194516413, 0.03958358957358717, 0.037299508142297086], "train_accuracy": [0.08873333333333333, 0.06683333333333333, 0.05433333333333333, 0.044983333333333334, 0.0381, 0.03348333333333333, 0.028716666666666668, 0.025733333333333334, 0.02315, 0.02095, 0.019016666666666668, 0.01745, 0.016016666666666665, 0.01475, 0.0137, 0.012716666666666666, 0.0118, 0.01075, 0.010166666666666666, 0.0096], "test_loss": [0.29016243691065535, 0.2268700106607854, 0.18710236541175915, 0.15927054058305917, 0.13915724644984262, 0.12486719551905394, 0.11387498498053605, 0.10540447238361485, 0.09874391505146703, 0.09331161905142792, 0.08897328056961182, 0.08540097885220357, 0.08239922026754959, 0.0797956756456986, 0.07777123567421183, 0.07605055535843139, 0.07460640747001189, 0.07327584967391815, 0.07220608491097925, 0.07115919063443518], "test_accuracy": [0.0841, 0.067, 0.0549, 0.0479, 0.0416, 0.0374, 0.0341, 0.0311, 0.0289, 0.0278, 0.0265, 0.0257, 0.0249, 0.0241, 0.0236, 0.0231, 0.0224, 0.0221, 0.0219, 0.0219], "total_time": 1351.6480293273926}, "quant_data": {"4": {"loss": 0.08676609207938017, "error": 0.0266}, "8": {"loss": 0.07410626585344567, "error": 0.0223}, "16": {"loss": 0.07392932499922461, "error": 0.0228}, "32": {"loss": 0.07392892255019412, "error": 0.0228}}}