{"learning_data": {"train_loss": [0.31237241424716605, 0.2464718061236994, 0.20504505911505577, 0.17586520045399998, 0.1541700591050534, 0.13766892579185647, 0.12455907466840146, 0.11338058230531556, 0.10467388496804435, 0.09727383993765185, 0.09076242369889172, 0.08498681221573408, 0.08009601339527762, 0.07575310057731638, 0.07165104346815669, 0.06810320435030548, 0.06496859663503148, 0.06196997930082868, 0.05913314535307745, 0.05664439314612997], "train_accuracy": [0.09311666666666667, 0.0726, 0.05991666666666667, 0.051333333333333335, 0.0446, 0.04003333333333333, 0.036, 0.03265, 0.03, 0.027833333333333335, 0.025933333333333333, 0.024333333333333332, 0.022916666666666665, 0.02165, 0.020483333333333333, 0.019466666666666667, 0.018416666666666668, 0.017716666666666665, 0.016966666666666668, 0.016283333333333334], "test_loss": [0.30366583290549054, 0.2438043650125742, 0.20520616575323292, 0.1787733167018187, 0.15958820109719574, 0.14569372380989631, 0.13479978593515335, 0.12544181650531283, 0.11857336447374298, 0.11284538950515632, 0.10794498656700867, 0.1035857358942624, 0.10010305396007811, 0.09735715728904429, 0.0946778981678297, 0.09244874676091425, 0.09067242614877252, 0.08915619890479298, 0.08755407250219058, 0.08637051614903393], "test_accuracy": [0.0885, 0.0724, 0.0601, 0.0511, 0.0474, 0.0444, 0.0409, 0.0376, 0.0356, 0.0332, 0.0321, 0.0313, 0.0294, 0.0283, 0.0278, 0.0272, 0.0267, 0.0265, 0.0262, 0.0259], "total_time": 1897.5009887218475}, "quant_data": {"4": {"loss": 0.14021093383749617, "error": 0.0451}, "8": {"loss": 0.1259333184603667, "error": 0.0425}, "16": {"loss": 0.1253482563610664, "error": 0.0426}, "32": {"loss": 0.12534998957813828, "error": 0.0426}}}