{"learning_data": {"train_loss": [0.3095580655771249, 0.24679752111124384, 0.2078070348021432, 0.1796718880903427, 0.15737071408684677, 0.139710237771419, 0.1253786205601025, 0.11377594967285225, 0.10448223476010761, 0.09638670051259901, 0.08936999363630557, 0.08381984557250954, 0.07849035944877787, 0.07375994821732744, 0.06954226528026593, 0.06568191896327787, 0.0623101436783604, 0.05932515740218922, 0.05649162948732559, 0.0537537623770501], "train_accuracy": [0.0917, 0.07256666666666667, 0.060566666666666664, 0.05275, 0.04575, 0.04028333333333333, 0.035833333333333335, 0.03238333333333333, 0.029566666666666668, 0.02725, 0.025516666666666667, 0.023633333333333333, 0.02195, 0.020733333333333333, 0.01951666666666667, 0.0182, 0.01735, 0.016616666666666665, 0.015783333333333333, 0.01505], "test_loss": [0.2979082969777657, 0.24058361887134105, 0.20492102626235556, 0.17974331414305983, 0.16057293328779057, 0.14570808174510316, 0.13406630384683327, 0.12497858853235173, 0.11833739393147412, 0.11287201560789015, 0.10851463164485954, 0.1055386735221503, 0.10265990931113975, 0.10027631161832488, 0.097875346977309, 0.09569497788103415, 0.09385055771174605, 0.09244176564047009, 0.09111543500841719, 0.08982850325194558], "test_accuracy": [0.0877, 0.0711, 0.0589, 0.0534, 0.0477, 0.0423, 0.0397, 0.0371, 0.0352, 0.033, 0.0313, 0.0307, 0.0302, 0.0292, 0.0283, 0.0281, 0.0273, 0.0272, 0.0269, 0.0266], "total_time": 1998.5832197666168}, "quant_data": {"4": {"loss": 0.11926320773533544, "error": 0.0374}, "8": {"loss": 0.09448626965555443, "error": 0.0284}, "16": {"loss": 0.09432255426183218, "error": 0.0287}, "32": {"loss": 0.09432240048630332, "error": 0.0287}}}