{"learning_data": {"train_loss": [0.3011411985428276, 0.22992918456473113, 0.18571615348519116, 0.15519589009958823, 0.13296680328770338, 0.11643939859296441, 0.1031166237007651, 0.09249643378653379, 0.08360137486635962, 0.07630565622143606, 0.06981128477551343, 0.06433146641306868, 0.059580533067319814, 0.05532200470934011, 0.05162861513658535, 0.04831958213437947, 0.0452689392714136, 0.04265745720609906, 0.04016332828560127, 0.03796588300660885], "train_accuracy": [0.08888333333333333, 0.06631666666666666, 0.052816666666666665, 0.04396666666666667, 0.03775, 0.03275, 0.029083333333333333, 0.025883333333333335, 0.0232, 0.021333333333333333, 0.019416666666666665, 0.0179, 0.016683333333333335, 0.015266666666666666, 0.0139, 0.012883333333333333, 0.011866666666666666, 0.011083333333333334, 0.010216666666666667, 0.0096], "test_loss": [0.29136274318890737, 0.22616016466399883, 0.1849001406285663, 0.1572220946322729, 0.13783663345924316, 0.12390884397583414, 0.1132402921795822, 0.10526183303978928, 0.0987498841961953, 0.09377426262456064, 0.08962383900525944, 0.08609323190688034, 0.08329058500530094, 0.08099281061641596, 0.07902628937934068, 0.07735048138163676, 0.07582204850523931, 0.07460097740151543, 0.07354728316987712, 0.07261194942875777], "test_accuracy": [0.0847, 0.0659, 0.0546, 0.0475, 0.0411, 0.0372, 0.0333, 0.0306, 0.0286, 0.0267, 0.0262, 0.0254, 0.0247, 0.0239, 0.0238, 0.0236, 0.0236, 0.0226, 0.0221, 0.0222], "total_time": 1818.7104375362396}, "quant_data": {"4": {"loss": 0.09016995461408865, "error": 0.0278}, "8": {"loss": 0.07973380701489592, "error": 0.0256}, "16": {"loss": 0.07960049669513546, "error": 0.0254}, "32": {"loss": 0.07960120524690224, "error": 0.0254}}}