{"learning_data": {"train_loss": [0.30804380724261, 0.23741947605483876, 0.19269168318273727, 0.1615755632272968, 0.13907118601811314, 0.12218043706634558, 0.10885160414508066, 0.0981585174955281, 0.0894092729217079, 0.08186087075742961, 0.07553263148991574, 0.06990870582093854, 0.06498670197887613, 0.06082789419678312, 0.05700603251493819, 0.05365273879273639, 0.050600104711697784, 0.04783795143504873, 0.04539447159731406, 0.04296997819288294], "train_accuracy": [0.0916, 0.06898333333333333, 0.0555, 0.046033333333333336, 0.039483333333333336, 0.03476666666666667, 0.030266666666666667, 0.027416666666666666, 0.0248, 0.02275, 0.021133333333333334, 0.0194, 0.018133333333333335, 0.01685, 0.015933333333333334, 0.015, 0.014183333333333333, 0.013383333333333334, 0.01265, 0.011816666666666666], "test_loss": [0.2994117811504845, 0.23581294172451586, 0.19379184370619867, 0.1649968690042654, 0.14446699043934472, 0.13013605437540476, 0.11930351942156008, 0.11068487105431696, 0.10402957058830534, 0.09859411797373842, 0.09417745356105452, 0.09045417857673717, 0.08724479354082891, 0.08477767696161295, 0.0825969646248428, 0.08077240766018846, 0.07909159954446968, 0.0777283184584548, 0.0765888143769712, 0.07534536599316231], "test_accuracy": [0.0869, 0.0693, 0.057, 0.049, 0.0427, 0.0384, 0.0358, 0.0325, 0.031, 0.029, 0.0284, 0.0272, 0.0258, 0.0255, 0.0247, 0.024, 0.0238, 0.0237, 0.0233, 0.0227], "total_time": 1962.7274408340454}, "quant_data": {"4": {"loss": 0.14041702966345715, "error": 0.0469}, "8": {"loss": 0.11546127820968138, "error": 0.0381}, "16": {"loss": 0.11501596675760206, "error": 0.0382}, "32": {"loss": 0.11501997332797928, "error": 0.0382}}}