{"learning_data": {"train_loss": [0.3039722526026149, 0.2345197423777472, 0.19130978738472612, 0.16144610825749736, 0.13910044235258373, 0.12225686439229322, 0.10895845845092572, 0.09814608892771845, 0.08917033753776833, 0.08166294993613973, 0.07545479155661229, 0.0699950547788874, 0.06532154085773843, 0.06114887743108268, 0.05737998735641497, 0.05407262737285247, 0.051093738141554344, 0.04836289099438942, 0.045808964362346945, 0.043537263501137326], "train_accuracy": [0.08966666666666667, 0.06743333333333333, 0.054566666666666666, 0.04593333333333333, 0.03908333333333333, 0.034883333333333336, 0.030533333333333332, 0.02765, 0.025016666666666666, 0.022816666666666666, 0.021183333333333332, 0.0197, 0.018533333333333332, 0.017083333333333332, 0.015983333333333332, 0.014833333333333334, 0.013983333333333334, 0.013216666666666666, 0.012466666666666666, 0.011816666666666666], "test_loss": [0.293630204707628, 0.2303485705077422, 0.19043460881402954, 0.1637015801963835, 0.1440826905583303, 0.12980471832442597, 0.1190533384578674, 0.11044711003548832, 0.10380998059769583, 0.09840411620433105, 0.09425500010216445, 0.09075378339114346, 0.08782129346181558, 0.08520893186871684, 0.08287208137805385, 0.08105245090812867, 0.0794269714762626, 0.07818459937921615, 0.07705247720617754, 0.07607605127407692], "test_accuracy": [0.0859, 0.0671, 0.0565, 0.0488, 0.0431, 0.0388, 0.0363, 0.0319, 0.0293, 0.0279, 0.0272, 0.0264, 0.0255, 0.0247, 0.0247, 0.0245, 0.0236, 0.0235, 0.0233, 0.0232], "total_time": 2289.474810361862}, "quant_data": {"4": {"loss": 0.133431343417455, "error": 0.0421}, "8": {"loss": 0.10588463966516294, "error": 0.0326}, "16": {"loss": 0.1054439415897489, "error": 0.0324}, "32": {"loss": 0.10544504987444722, "error": 0.0324}}}